Indicator,Weight,Year
GDP,0.08342759137204529,2021
PPI,0.4129448122568372,2021
CPI,0.09604312916494823,2021
M2,0.08866072793009278,2021
ExchangeRate,0.31892373927607653,2021
GDP,0.11612217528670078,2022
PPI,0.20901712457603203,2022
CPI,0.13086091956763354,2022
M2,0.12531170329799035,2022
ExchangeRate,0.41868807727164314,2022
GDP,0.12486064019070901,2023
PPI,0.20241894923247994,2023
CPI,0.12548429909635028,2023
M2,0.12191262937317097,2023
ExchangeRate,0.42532348210728976,2023
